INSERT INTO team (id, name, ranking) VALUES (1, 'Team 1', 45);
INSERT INTO team (id, name, ranking) VALUES (2, 'Team 2', 20);
INSERT INTO team (id, name, ranking) VALUES (3, 'Team 3', 20);
INSERT INTO team (id, name, ranking) VALUES (4, 'Team 4', 11);
INSERT INTO team (id, name, ranking) VALUES (5, 'Team 5', 45);
INSERT INTO player (id, username, dateOfBirth, age, country, teamId) VALUES (1, 'user1', '1991-02-15', 19, 'Japan', 3);
INSERT INTO player (id, username, dateOfBirth, age, country, teamId) VALUES (2, 'user2', '1992-03-15', 20, 'UK', 4);
INSERT INTO player (id, username, dateOfBirth, age, country, teamId) VALUES (3, 'user3', '1993-04-15', 21, 'Japan', 1);
INSERT INTO player (id, username, dateOfBirth, age, country, teamId) VALUES (4, 'user4', '1994-05-15', 22, 'UK', 3);
INSERT INTO player (id, username, dateOfBirth, age, country, teamId) VALUES (5, 'user5', '1995-06-15', 23, 'Germany', 3);
INSERT INTO player (id, username, dateOfBirth, age, country, teamId) VALUES (6, 'user6', '1996-07-15', 24, 'UK', 4);
INSERT INTO player (id, username, dateOfBirth, age, country, teamId) VALUES (7, 'user7', '1997-08-15', 25, 'UK', 1);
INSERT INTO player (id, username, dateOfBirth, age, country, teamId) VALUES (8, 'user8', '1998-09-15', 26, 'Japan', 4);
INSERT INTO player (id, username, dateOfBirth, age, country, teamId) VALUES (9, 'user9', '1999-01-15', 27, 'Canada', 1);
INSERT INTO player (id, username, dateOfBirth, age, country, teamId) VALUES (10, 'user10', '1990-02-15', 18, 'Canada', 2);
INSERT INTO player (id, username, dateOfBirth, age, country, teamId) VALUES (11, 'user11', '1991-03-15', 19, 'Japan', 1);
INSERT INTO player (id, username, dateOfBirth, age, country, teamId) VALUES (12, 'user12', '1992-04-15', 20, 'Germany', 3);
INSERT INTO player (id, username, dateOfBirth, age, country, teamId) VALUES (13, 'user13', '1993-05-15', 21, 'Germany', 3);
INSERT INTO player (id, username, dateOfBirth, age, country, teamId) VALUES (14, 'user14', '1994-06-15', 22, 'Japan', 2);
INSERT INTO player (id, username, dateOfBirth, age, country, teamId) VALUES (15, 'user15', '1995-07-15', 23, 'Canada', 3);
INSERT INTO player (id, username, dateOfBirth, age, country, teamId) VALUES (16, 'user16', '1996-08-15', 24, 'Canada', 3);
INSERT INTO player (id, username, dateOfBirth, age, country, teamId) VALUES (17, 'user17', '1997-09-15', 25, 'Germany', 1);
INSERT INTO player (id, username, dateOfBirth, age, country, teamId) VALUES (18, 'user18', '1998-01-15', 26, 'Japan', 4);
INSERT INTO player (id, username, dateOfBirth, age, country, teamId) VALUES (19, 'user19', '1999-02-15', 27, 'USA', 2);
INSERT INTO player (id, username, dateOfBirth, age, country, teamId) VALUES (20, 'user20', '1990-03-15', 18, 'UK', 5);
INSERT INTO premium_player (id, subscribedOn) VALUES (1, '2023-02-01');
INSERT INTO premium_player (id, subscribedOn) VALUES (2, '2023-03-01');
INSERT INTO premium_player (id, subscribedOn) VALUES (3, '2023-04-01');
INSERT INTO premium_player (id, subscribedOn) VALUES (4, '2023-05-01');
INSERT INTO premium_player (id, subscribedOn) VALUES (5, '2023-06-01');
INSERT INTO premium_player (id, subscribedOn) VALUES (6, '2023-07-01');
INSERT INTO premium_player (id, subscribedOn) VALUES (7, '2023-08-01');
INSERT INTO premium_player (id, subscribedOn) VALUES (8, '2023-09-01');
INSERT INTO premium_player (id, subscribedOn) VALUES (9, '2023-01-01');
INSERT INTO premium_player (id, subscribedOn) VALUES (10, '2023-02-01');
INSERT INTO achievement (id, title, unlockScore) VALUES (1, 'Achievement 1', 414);
INSERT INTO achievement (id, title, unlockScore) VALUES (2, 'Achievement 2', 344);
INSERT INTO achievement (id, title, unlockScore) VALUES (3, 'Achievement 3', 172);
INSERT INTO achievement (id, title, unlockScore) VALUES (4, 'Achievement 4', 290);
INSERT INTO achievement (id, title, unlockScore) VALUES (5, 'Achievement 5', 267);
INSERT INTO achievement (id, title, unlockScore) VALUES (6, 'Achievement 6', 157);
INSERT INTO achievement (id, title, unlockScore) VALUES (7, 'Achievement 7', 458);
INSERT INTO achievement (id, title, unlockScore) VALUES (8, 'Achievement 8', 465);
INSERT INTO achievement (id, title, unlockScore) VALUES (9, 'Achievement 9', 402);
INSERT INTO achievement (id, title, unlockScore) VALUES (10, 'Achievement 10', 400);
INSERT INTO achievement (id, title, unlockScore) VALUES (11, 'Achievement 11', 475);
INSERT INTO achievement (id, title, unlockScore) VALUES (12, 'Achievement 12', 153);
INSERT INTO achievement (id, title, unlockScore) VALUES (13, 'Achievement 13', 148);
INSERT INTO achievement (id, title, unlockScore) VALUES (14, 'Achievement 14', 121);
INSERT INTO achievement (id, title, unlockScore) VALUES (15, 'Achievement 15', 125);
INSERT INTO achievement (id, title, unlockScore) VALUES (16, 'Achievement 16', 244);
INSERT INTO achievement (id, title, unlockScore) VALUES (17, 'Achievement 17', 268);
INSERT INTO achievement (id, title, unlockScore) VALUES (18, 'Achievement 18', 362);
INSERT INTO achievement (id, title, unlockScore) VALUES (19, 'Achievement 19', 354);
INSERT INTO achievement (id, title, unlockScore) VALUES (20, 'Achievement 20', 240);
INSERT INTO game (id, title, description) VALUES (1, 'Game 1', 'Description for game 1');
INSERT INTO game (id, title, description) VALUES (2, 'Game 2', 'Description for game 2');
INSERT INTO game (id, title, description) VALUES (3, 'Game 3', 'Description for game 3');
INSERT INTO game (id, title, description) VALUES (4, 'Game 4', 'Description for game 4');
INSERT INTO game (id, title, description) VALUES (5, 'Game 5', 'Description for game 5');
INSERT INTO game (id, title, description) VALUES (6, 'Game 6', 'Description for game 6');
INSERT INTO game (id, title, description) VALUES (7, 'Game 7', 'Description for game 7');
INSERT INTO game (id, title, description) VALUES (8, 'Game 8', 'Description for game 8');
INSERT INTO game (id, title, description) VALUES (9, 'Game 9', 'Description for game 9');
INSERT INTO game (id, title, description) VALUES (10, 'Game 10', 'Description for game 10');
INSERT INTO game (id, title, description) VALUES (11, 'Game 11', 'Description for game 11');
INSERT INTO game (id, title, description) VALUES (12, 'Game 12', 'Description for game 12');
INSERT INTO game (id, title, description) VALUES (13, 'Game 13', 'Description for game 13');
INSERT INTO game (id, title, description) VALUES (14, 'Game 14', 'Description for game 14');
INSERT INTO game (id, title, description) VALUES (15, 'Game 15', 'Description for game 15');
INSERT INTO game (id, title, description) VALUES (16, 'Game 16', 'Description for game 16');
INSERT INTO game (id, title, description) VALUES (17, 'Game 17', 'Description for game 17');
INSERT INTO game (id, title, description) VALUES (18, 'Game 18', 'Description for game 18');
INSERT INTO game (id, title, description) VALUES (19, 'Game 19', 'Description for game 19');
INSERT INTO game (id, title, description) VALUES (20, 'Game 20', 'Description for game 20');
INSERT INTO game_achievement (achievementId, gameId, rewardPoints) VALUES (7, 19, 45);
INSERT INTO game_achievement (achievementId, gameId, rewardPoints) VALUES (14, 19, 38);
INSERT INTO game_achievement (achievementId, gameId, rewardPoints) VALUES (8, 6, 75);
INSERT INTO game_achievement (achievementId, gameId, rewardPoints) VALUES (4, 12, 37);
INSERT INTO game_achievement (achievementId, gameId, rewardPoints) VALUES (16, 14, 52);
INSERT INTO game_achievement (achievementId, gameId, rewardPoints) VALUES (20, 11, 31);
INSERT INTO game_achievement (achievementId, gameId, rewardPoints) VALUES (14, 15, 83);
INSERT INTO game_achievement (achievementId, gameId, rewardPoints) VALUES (14, 5, 94);
INSERT INTO game_achievement (achievementId, gameId, rewardPoints) VALUES (13, 9, 44);
INSERT INTO game_achievement (achievementId, gameId, rewardPoints) VALUES (6, 14, 25);
INSERT INTO game_achievement (achievementId, gameId, rewardPoints) VALUES (20, 15, 82);
INSERT INTO game_achievement (achievementId, gameId, rewardPoints) VALUES (1, 9, 31);
INSERT INTO game_achievement (achievementId, gameId, rewardPoints) VALUES (10, 7, 63);
INSERT INTO game_achievement (achievementId, gameId, rewardPoints) VALUES (11, 12, 70);
INSERT INTO game_achievement (achievementId, gameId, rewardPoints) VALUES (5, 3, 80);
INSERT INTO game_achievement (achievementId, gameId, rewardPoints) VALUES (11, 17, 78);
INSERT INTO game_achievement (achievementId, gameId, rewardPoints) VALUES (3, 17, 13);
INSERT INTO game_achievement (achievementId, gameId, rewardPoints) VALUES (2, 13, 48);
INSERT INTO game_achievement (achievementId, gameId, rewardPoints) VALUES (15, 7, 60);
INSERT INTO game_achievement (achievementId, gameId, rewardPoints) VALUES (8, 3, 61);
INSERT INTO player_game (playerId, gameId, level) VALUES (4, 10, 'Level 6');
INSERT INTO player_game (playerId, gameId, level) VALUES (11, 19, 'Level 2');
INSERT INTO player_game (playerId, gameId, level) VALUES (6, 13, 'Level 10');
INSERT INTO player_game (playerId, gameId, level) VALUES (9, 17, 'Level 5');
INSERT INTO player_game (playerId, gameId, level) VALUES (3, 6, 'Level 1');
INSERT INTO player_game (playerId, gameId, level) VALUES (3, 9, 'Level 4');
INSERT INTO player_game (playerId, gameId, level) VALUES (13, 1, 'Level 3');
INSERT INTO player_game (playerId, gameId, level) VALUES (7, 3, 'Level 5');
INSERT INTO player_game (playerId, gameId, level) VALUES (13, 6, 'Level 6');
INSERT INTO player_game (playerId, gameId, level) VALUES (8, 15, 'Level 8');
INSERT INTO player_game (playerId, gameId, level) VALUES (6, 14, 'Level 2');
INSERT INTO player_game (playerId, gameId, level) VALUES (7, 16, 'Level 3');
INSERT INTO player_game (playerId, gameId, level) VALUES (12, 4, 'Level 9');
INSERT INTO player_game (playerId, gameId, level) VALUES (14, 11, 'Level 3');
INSERT INTO player_game (playerId, gameId, level) VALUES (8, 19, 'Level 1');
INSERT INTO player_game (playerId, gameId, level) VALUES (2, 12, 'Level 3');
INSERT INTO player_game (playerId, gameId, level) VALUES (6, 12, 'Level 4');
INSERT INTO player_game (playerId, gameId, level) VALUES (14, 1, 'Level 6');
INSERT INTO player_game (playerId, gameId, level) VALUES (4, 19, 'Level 1');
INSERT INTO player_game (playerId, gameId, level) VALUES (9, 12, 'Level 8');
INSERT INTO player_achievement (playerId, achievementId, achievedAt) VALUES (3, 10, '2024-01-01');
INSERT INTO player_achievement (playerId, achievementId, achievedAt) VALUES (14, 17, '2024-02-02');
INSERT INTO player_achievement (playerId, achievementId, achievedAt) VALUES (6, 12, '2024-03-03');
INSERT INTO player_achievement (playerId, achievementId, achievedAt) VALUES (13, 11, '2024-04-04');
INSERT INTO player_achievement (playerId, achievementId, achievedAt) VALUES (19, 8, '2024-05-05');
INSERT INTO player_achievement (playerId, achievementId, achievedAt) VALUES (4, 12, '2024-06-06');
INSERT INTO player_achievement (playerId, achievementId, achievedAt) VALUES (4, 17, '2024-07-07');
INSERT INTO player_achievement (playerId, achievementId, achievedAt) VALUES (18, 17, '2024-08-08');
INSERT INTO player_achievement (playerId, achievementId, achievedAt) VALUES (20, 6, '2024-09-09');
INSERT INTO player_achievement (playerId, achievementId, achievedAt) VALUES (19, 18, '2024-01-010');
INSERT INTO player_achievement (playerId, achievementId, achievedAt) VALUES (19, 17, '2024-02-011');
INSERT INTO player_achievement (playerId, achievementId, achievedAt) VALUES (5, 16, '2024-03-012');
INSERT INTO player_achievement (playerId, achievementId, achievedAt) VALUES (9, 13, '2024-04-013');
INSERT INTO player_achievement (playerId, achievementId, achievedAt) VALUES (11, 9, '2024-05-014');
INSERT INTO player_achievement (playerId, achievementId, achievedAt) VALUES (20, 12, '2024-06-015');
INSERT INTO player_achievement (playerId, achievementId, achievedAt) VALUES (14, 7, '2024-07-016');
INSERT INTO player_achievement (playerId, achievementId, achievedAt) VALUES (13, 1, '2024-08-017');
INSERT INTO player_achievement (playerId, achievementId, achievedAt) VALUES (10, 14, '2024-09-018');
INSERT INTO player_achievement (playerId, achievementId, achievedAt) VALUES (4, 15, '2024-01-019');
INSERT INTO player_achievement (playerId, achievementId, achievedAt) VALUES (12, 10, '2024-02-020');
INSERT INTO player_stats (playerId, totalGamesPlayed, totalScore) VALUES (1, 9, 1546);
INSERT INTO player_stats (playerId, totalGamesPlayed, totalScore) VALUES (2, 8, 1330);
INSERT INTO player_stats (playerId, totalGamesPlayed, totalScore) VALUES (3, 11, 3414);
INSERT INTO player_stats (playerId, totalGamesPlayed, totalScore) VALUES (4, 11, 4467);
INSERT INTO player_stats (playerId, totalGamesPlayed, totalScore) VALUES (5, 5, 3806);
INSERT INTO player_stats (playerId, totalGamesPlayed, totalScore) VALUES (6, 7, 1740);
INSERT INTO player_stats (playerId, totalGamesPlayed, totalScore) VALUES (7, 11, 2084);
INSERT INTO player_stats (playerId, totalGamesPlayed, totalScore) VALUES (8, 13, 1484);
INSERT INTO player_stats (playerId, totalGamesPlayed, totalScore) VALUES (9, 7, 2669);
INSERT INTO player_stats (playerId, totalGamesPlayed, totalScore) VALUES (10, 9, 3422);
INSERT INTO player_stats (playerId, totalGamesPlayed, totalScore) VALUES (11, 14, 4813);
INSERT INTO player_stats (playerId, totalGamesPlayed, totalScore) VALUES (12, 11, 4929);
INSERT INTO player_stats (playerId, totalGamesPlayed, totalScore) VALUES (13, 12, 1461);
INSERT INTO player_stats (playerId, totalGamesPlayed, totalScore) VALUES (14, 14, 2332);
INSERT INTO player_stats (playerId, totalGamesPlayed, totalScore) VALUES (15, 12, 4735);
INSERT INTO player_stats (playerId, totalGamesPlayed, totalScore) VALUES (16, 12, 4641);
INSERT INTO player_stats (playerId, totalGamesPlayed, totalScore) VALUES (17, 8, 2623);
INSERT INTO player_stats (playerId, totalGamesPlayed, totalScore) VALUES (18, 10, 1023);
INSERT INTO player_stats (playerId, totalGamesPlayed, totalScore) VALUES (19, 6, 3191);
INSERT INTO player_stats (playerId, totalGamesPlayed, totalScore) VALUES (20, 9, 3038);
INSERT INTO session (id, playerId, gameId, score, startedAt, endedAt) VALUES (1, 6, 17, 179, '2024-04-06 10:00:00', '2024-04-03 11:00:00');
INSERT INTO session (id, playerId, gameId, score, startedAt, endedAt) VALUES (2, 11, 6, 664, '2024-04-06 10:00:00', '2024-04-08 11:00:00');
INSERT INTO session (id, playerId, gameId, score, startedAt, endedAt) VALUES (3, 4, 10, 513, '2024-04-05 10:00:00', '2024-04-03 11:00:00');
INSERT INTO session (id, playerId, gameId, score, startedAt, endedAt) VALUES (4, 14, 1, 718, '2024-04-01 10:00:00', '2024-04-01 11:00:00');
INSERT INTO session (id, playerId, gameId, score, startedAt, endedAt) VALUES (5, 2, 4, 948, '2024-04-05 10:00:00', '2024-04-07 11:00:00');
INSERT INTO session (id, playerId, gameId, score, startedAt, endedAt) VALUES (6, 19, 3, 728, '2024-04-02 10:00:00', '2024-04-01 11:00:00');
INSERT INTO session (id, playerId, gameId, score, startedAt, endedAt) VALUES (7, 3, 4, 280, '2024-04-05 10:00:00', '2024-04-07 11:00:00');
INSERT INTO session (id, playerId, gameId, score, startedAt, endedAt) VALUES (8, 5, 6, 651, '2024-04-09 10:00:00', '2024-04-04 11:00:00');
INSERT INTO session (id, playerId, gameId, score, startedAt, endedAt) VALUES (9, 1, 10, 448, '2024-04-08 10:00:00', '2024-04-09 11:00:00');
INSERT INTO session (id, playerId, gameId, score, startedAt, endedAt) VALUES (10, 2, 2, 978, '2024-04-02 10:00:00', '2024-04-02 11:00:00');
INSERT INTO session (id, playerId, gameId, score, startedAt, endedAt) VALUES (11, 8, 3, 550, '2024-04-02 10:00:00', '2024-04-02 11:00:00');
INSERT INTO session (id, playerId, gameId, score, startedAt, endedAt) VALUES (12, 11, 10, 261, '2024-04-06 10:00:00', '2024-04-02 11:00:00');
INSERT INTO session (id, playerId, gameId, score, startedAt, endedAt) VALUES (13, 10, 6, 572, '2024-04-03 10:00:00', '2024-04-07 11:00:00');
INSERT INTO session (id, playerId, gameId, score, startedAt, endedAt) VALUES (14, 14, 15, 466, '2024-04-02 10:00:00', '2024-04-09 11:00:00');
INSERT INTO session (id, playerId, gameId, score, startedAt, endedAt) VALUES (15, 20, 18, 212, '2024-04-01 10:00:00', '2024-04-08 11:00:00');
INSERT INTO session (id, playerId, gameId, score, startedAt, endedAt) VALUES (16, 5, 1, 572, '2024-04-03 10:00:00', '2024-04-02 11:00:00');
INSERT INTO session (id, playerId, gameId, score, startedAt, endedAt) VALUES (17, 2, 16, 332, '2024-04-04 10:00:00', '2024-04-08 11:00:00');
INSERT INTO session (id, playerId, gameId, score, startedAt, endedAt) VALUES (18, 18, 14, 828, '2024-04-03 10:00:00', '2024-04-03 11:00:00');
INSERT INTO session (id, playerId, gameId, score, startedAt, endedAt) VALUES (19, 6, 5, 143, '2024-04-04 10:00:00', '2024-04-05 11:00:00');
INSERT INTO session (id, playerId, gameId, score, startedAt, endedAt) VALUES (20, 12, 14, 764, '2024-04-05 10:00:00', '2024-04-03 11:00:00');
INSERT INTO item (id, gameId, name, type, description) VALUES (1, 9, 'Item 1', 'type1', 'Description for item 1');
INSERT INTO item (id, gameId, name, type, description) VALUES (2, 15, 'Item 2', 'type2', 'Description for item 2');
INSERT INTO item (id, gameId, name, type, description) VALUES (3, 9, 'Item 3', 'type3', 'Description for item 3');
INSERT INTO item (id, gameId, name, type, description) VALUES (4, 2, 'Item 4', 'type4', 'Description for item 4');
INSERT INTO item (id, gameId, name, type, description) VALUES (5, 8, 'Item 5', 'type0', 'Description for item 5');
INSERT INTO item (id, gameId, name, type, description) VALUES (6, 10, 'Item 6', 'type1', 'Description for item 6');
INSERT INTO item (id, gameId, name, type, description) VALUES (7, 19, 'Item 7', 'type2', 'Description for item 7');
INSERT INTO item (id, gameId, name, type, description) VALUES (8, 9, 'Item 8', 'type3', 'Description for item 8');
INSERT INTO item (id, gameId, name, type, description) VALUES (9, 12, 'Item 9', 'type4', 'Description for item 9');
INSERT INTO item (id, gameId, name, type, description) VALUES (10, 5, 'Item 10', 'type0', 'Description for item 10');
INSERT INTO item (id, gameId, name, type, description) VALUES (11, 15, 'Item 11', 'type1', 'Description for item 11');
INSERT INTO item (id, gameId, name, type, description) VALUES (12, 8, 'Item 12', 'type2', 'Description for item 12');
INSERT INTO item (id, gameId, name, type, description) VALUES (13, 18, 'Item 13', 'type3', 'Description for item 13');
INSERT INTO item (id, gameId, name, type, description) VALUES (14, 20, 'Item 14', 'type4', 'Description for item 14');
INSERT INTO item (id, gameId, name, type, description) VALUES (15, 11, 'Item 15', 'type0', 'Description for item 15');
INSERT INTO item (id, gameId, name, type, description) VALUES (16, 19, 'Item 16', 'type1', 'Description for item 16');
INSERT INTO item (id, gameId, name, type, description) VALUES (17, 9, 'Item 17', 'type2', 'Description for item 17');
INSERT INTO item (id, gameId, name, type, description) VALUES (18, 4, 'Item 18', 'type3', 'Description for item 18');
INSERT INTO item (id, gameId, name, type, description) VALUES (19, 1, 'Item 19', 'type4', 'Description for item 19');
INSERT INTO item (id, gameId, name, type, description) VALUES (20, 8, 'Item 20', 'type0', 'Description for item 20');
